<?xml version="1.0" encoding="UTF-8"?>

<ImplementationGuide xmlns="http://hl7.org/fhir">
  <id value="fhir.who.smart-ig-starter-kit"/>
  <text>
    <status value="extensions"/><div xmlns="http://www.w3.org/1999/xhtml"><h2>smartigstarterkit</h2><p>The official URL for this implementation guide is: </p><pre>http://worldhealthorganization.github.io/smart-ig-starter-kit/ImplementationGuide/fhir.who.smart-ig-starter-kit</pre><div><p>DRAFT SMART Guidelines L3 SOP</p>
</div></div>
  </text>
  <url value="http://worldhealthorganization.github.io/smart-ig-starter-kit/ImplementationGuide/fhir.who.smart-ig-starter-kit"/>
  <version value="0.2.1"/>
  <name value="smartigstarterkit"/>
  <title value="DRAFT SMART Guidelines L3 SOP"/>
  <status value="draft"/>
  <date value="2021-06-03"/>
  <publisher value="TBD"/>
  <contact>
    <name value="TBD"/>
    <telecom>
      <system value="url"/>
      <value value="http://example.int"/>
    </telecom>
    <telecom>
      <system value="email"/>
      <value value="leitnerc@who.int"/>
    </telecom>
  </contact>
  <description value="DRAFT SMART Guidelines L3 SOP"/>
  <jurisdiction>
    <coding>
      <system value="http://unstats.un.org/unsd/methods/m49/m49.htm"/>
      <code value="001"/>
    </coding>
  </jurisdiction>
  <packageId value="fhir.who.smart-ig-starter-kit"/>
  <license value="CC0-1.0"/>
  <fhirVersion value="4.0.1"/>
  <dependsOn id="hl7tx">
    <extension url="http://hl7.org/fhir/tools/StructureDefinition/implementationguide-dependency-comment">
      <valueMarkdown value="Automatically added as a dependency - all IGs depend on HL7 Terminology"/>
    </extension>
    <uri value="http://terminology.hl7.org/ImplementationGuide/hl7.terminology"/>
    <packageId value="hl7.terminology.r4"/>
    <version value="5.3.0"/>
  </dependsOn>
  <dependsOn id="hl7ext">
    <extension url="http://hl7.org/fhir/tools/StructureDefinition/implementationguide-dependency-comment">
      <valueMarkdown value="Automatically added as a dependency - all IGs depend on the HL7 Extension Pack"/>
    </extension>
    <uri value="http://hl7.org/fhir/extensions/ImplementationGuide/hl7.fhir.uv.extensions"/>
    <packageId value="hl7.fhir.uv.extensions.r4"/>
    <version value="1.0.0"/>
  </dependsOn>
  <definition>
    <extension url="http://hl7.org/fhir/tools/StructureDefinition/ig-parameter">
      <extension url="code">
        <valueString value="copyrightyear"/>
      </extension>
      <extension url="value">
        <valueString value="2021+"/>
      </extension>
    </extension>
    <extension url="http://hl7.org/fhir/tools/StructureDefinition/ig-parameter">
      <extension url="code">
        <valueString value="releaselabel"/>
      </extension>
      <extension url="value">
        <valueString value="CI Build"/>
      </extension>
    </extension>
    <extension url="http://hl7.org/fhir/tools/StructureDefinition/ig-parameter">
      <extension url="code">
        <valueString value="autoload-resources"/>
      </extension>
      <extension url="value">
        <valueString value="true"/>
      </extension>
    </extension>
    <extension url="http://hl7.org/fhir/tools/StructureDefinition/ig-parameter">
      <extension url="code">
        <valueString value="path-liquid"/>
      </extension>
      <extension url="value">
        <valueString value="template/liquid"/>
      </extension>
    </extension>
    <extension url="http://hl7.org/fhir/tools/StructureDefinition/ig-parameter">
      <extension url="code">
        <valueString value="path-liquid"/>
      </extension>
      <extension url="value">
        <valueString value="input/liquid"/>
      </extension>
    </extension>
    <extension url="http://hl7.org/fhir/tools/StructureDefinition/ig-parameter">
      <extension url="code">
        <valueString value="path-qa"/>
      </extension>
      <extension url="value">
        <valueString value="temp/qa"/>
      </extension>
    </extension>
    <extension url="http://hl7.org/fhir/tools/StructureDefinition/ig-parameter">
      <extension url="code">
        <valueString value="path-temp"/>
      </extension>
      <extension url="value">
        <valueString value="temp/pages"/>
      </extension>
    </extension>
    <extension url="http://hl7.org/fhir/tools/StructureDefinition/ig-parameter">
      <extension url="code">
        <valueString value="path-output"/>
      </extension>
      <extension url="value">
        <valueString value="output"/>
      </extension>
    </extension>
    <extension url="http://hl7.org/fhir/tools/StructureDefinition/ig-parameter">
      <extension url="code">
        <valueString value="path-suppressed-warnings"/>
      </extension>
      <extension url="value">
        <valueString value="input/ignoreWarnings.txt"/>
      </extension>
    </extension>
    <extension url="http://hl7.org/fhir/tools/StructureDefinition/ig-parameter">
      <extension url="code">
        <valueString value="path-history"/>
      </extension>
      <extension url="value">
        <valueString value="http://worldhealthorganization.github.io/smart-ig-starter-kit/history.html"/>
      </extension>
    </extension>
    <extension url="http://hl7.org/fhir/tools/StructureDefinition/ig-parameter">
      <extension url="code">
        <valueString value="template-html"/>
      </extension>
      <extension url="value">
        <valueString value="template-page.html"/>
      </extension>
    </extension>
    <extension url="http://hl7.org/fhir/tools/StructureDefinition/ig-parameter">
      <extension url="code">
        <valueString value="template-md"/>
      </extension>
      <extension url="value">
        <valueString value="template-page-md.html"/>
      </extension>
    </extension>
    <extension url="http://hl7.org/fhir/tools/StructureDefinition/ig-parameter">
      <extension url="code">
        <valueString value="apply-contact"/>
      </extension>
      <extension url="value">
        <valueString value="true"/>
      </extension>
    </extension>
    <extension url="http://hl7.org/fhir/tools/StructureDefinition/ig-parameter">
      <extension url="code">
        <valueString value="apply-context"/>
      </extension>
      <extension url="value">
        <valueString value="true"/>
      </extension>
    </extension>
    <extension url="http://hl7.org/fhir/tools/StructureDefinition/ig-parameter">
      <extension url="code">
        <valueString value="apply-copyright"/>
      </extension>
      <extension url="value">
        <valueString value="true"/>
      </extension>
    </extension>
    <extension url="http://hl7.org/fhir/tools/StructureDefinition/ig-parameter">
      <extension url="code">
        <valueString value="apply-jurisdiction"/>
      </extension>
      <extension url="value">
        <valueString value="true"/>
      </extension>
    </extension>
    <extension url="http://hl7.org/fhir/tools/StructureDefinition/ig-parameter">
      <extension url="code">
        <valueString value="apply-license"/>
      </extension>
      <extension url="value">
        <valueString value="true"/>
      </extension>
    </extension>
    <extension url="http://hl7.org/fhir/tools/StructureDefinition/ig-parameter">
      <extension url="code">
        <valueString value="apply-publisher"/>
      </extension>
      <extension url="value">
        <valueString value="true"/>
      </extension>
    </extension>
    <extension url="http://hl7.org/fhir/tools/StructureDefinition/ig-parameter">
      <extension url="code">
        <valueString value="apply-version"/>
      </extension>
      <extension url="value">
        <valueString value="true"/>
      </extension>
    </extension>
    <extension url="http://hl7.org/fhir/tools/StructureDefinition/ig-parameter">
      <extension url="code">
        <valueString value="apply-wg"/>
      </extension>
      <extension url="value">
        <valueString value="true"/>
      </extension>
    </extension>
    <extension url="http://hl7.org/fhir/tools/StructureDefinition/ig-parameter">
      <extension url="code">
        <valueString value="active-tables"/>
      </extension>
      <extension url="value">
        <valueString value="true"/>
      </extension>
    </extension>
    <extension url="http://hl7.org/fhir/tools/StructureDefinition/ig-parameter">
      <extension url="code">
        <valueString value="fmm-definition"/>
      </extension>
      <extension url="value">
        <valueString value="http://hl7.org/fhir/versions.html#maturity"/>
      </extension>
    </extension>
    <extension url="http://hl7.org/fhir/tools/StructureDefinition/ig-parameter">
      <extension url="code">
        <valueString value="propagate-status"/>
      </extension>
      <extension url="value">
        <valueString value="true"/>
      </extension>
    </extension>
    <extension url="http://hl7.org/fhir/tools/StructureDefinition/ig-parameter">
      <extension url="code">
        <valueString value="excludelogbinaryformat"/>
      </extension>
      <extension url="value">
        <valueString value="true"/>
      </extension>
    </extension>
    <extension url="http://hl7.org/fhir/tools/StructureDefinition/ig-parameter">
      <extension url="code">
        <valueString value="tabbed-snapshots"/>
      </extension>
      <extension url="value">
        <valueString value="true"/>
      </extension>
    </extension>
    <extension url="http://hl7.org/fhir/tools/StructureDefinition/ig-internal-dependency">
      <valueCode value="hl7.fhir.uv.tools#current"/>
    </extension>
    <extension url="http://hl7.org/fhir/tools/StructureDefinition/ig-parameter">
      <extension url="code">
        <valueCode value="copyrightyear"/>
      </extension>
      <extension url="value">
        <valueString value="2021+"/>
      </extension>
    </extension>
    <extension url="http://hl7.org/fhir/tools/StructureDefinition/ig-parameter">
      <extension url="code">
        <valueCode value="releaselabel"/>
      </extension>
      <extension url="value">
        <valueString value="CI Build"/>
      </extension>
    </extension>
    <extension url="http://hl7.org/fhir/tools/StructureDefinition/ig-parameter">
      <extension url="code">
        <valueCode value="autoload-resources"/>
      </extension>
      <extension url="value">
        <valueString value="true"/>
      </extension>
    </extension>
    <extension url="http://hl7.org/fhir/tools/StructureDefinition/ig-parameter">
      <extension url="code">
        <valueCode value="path-liquid"/>
      </extension>
      <extension url="value">
        <valueString value="template/liquid"/>
      </extension>
    </extension>
    <extension url="http://hl7.org/fhir/tools/StructureDefinition/ig-parameter">
      <extension url="code">
        <valueCode value="path-liquid"/>
      </extension>
      <extension url="value">
        <valueString value="input/liquid"/>
      </extension>
    </extension>
    <extension url="http://hl7.org/fhir/tools/StructureDefinition/ig-parameter">
      <extension url="code">
        <valueCode value="path-qa"/>
      </extension>
      <extension url="value">
        <valueString value="temp/qa"/>
      </extension>
    </extension>
    <extension url="http://hl7.org/fhir/tools/StructureDefinition/ig-parameter">
      <extension url="code">
        <valueCode value="path-temp"/>
      </extension>
      <extension url="value">
        <valueString value="temp/pages"/>
      </extension>
    </extension>
    <extension url="http://hl7.org/fhir/tools/StructureDefinition/ig-parameter">
      <extension url="code">
        <valueCode value="path-output"/>
      </extension>
      <extension url="value">
        <valueString value="output"/>
      </extension>
    </extension>
    <extension url="http://hl7.org/fhir/tools/StructureDefinition/ig-parameter">
      <extension url="code">
        <valueCode value="path-suppressed-warnings"/>
      </extension>
      <extension url="value">
        <valueString value="input/ignoreWarnings.txt"/>
      </extension>
    </extension>
    <extension url="http://hl7.org/fhir/tools/StructureDefinition/ig-parameter">
      <extension url="code">
        <valueCode value="path-history"/>
      </extension>
      <extension url="value">
        <valueString value="http://worldhealthorganization.github.io/smart-ig-starter-kit/history.html"/>
      </extension>
    </extension>
    <extension url="http://hl7.org/fhir/tools/StructureDefinition/ig-parameter">
      <extension url="code">
        <valueCode value="template-html"/>
      </extension>
      <extension url="value">
        <valueString value="template-page.html"/>
      </extension>
    </extension>
    <extension url="http://hl7.org/fhir/tools/StructureDefinition/ig-parameter">
      <extension url="code">
        <valueCode value="template-md"/>
      </extension>
      <extension url="value">
        <valueString value="template-page-md.html"/>
      </extension>
    </extension>
    <extension url="http://hl7.org/fhir/tools/StructureDefinition/ig-parameter">
      <extension url="code">
        <valueCode value="apply-contact"/>
      </extension>
      <extension url="value">
        <valueString value="true"/>
      </extension>
    </extension>
    <extension url="http://hl7.org/fhir/tools/StructureDefinition/ig-parameter">
      <extension url="code">
        <valueCode value="apply-context"/>
      </extension>
      <extension url="value">
        <valueString value="true"/>
      </extension>
    </extension>
    <extension url="http://hl7.org/fhir/tools/StructureDefinition/ig-parameter">
      <extension url="code">
        <valueCode value="apply-copyright"/>
      </extension>
      <extension url="value">
        <valueString value="true"/>
      </extension>
    </extension>
    <extension url="http://hl7.org/fhir/tools/StructureDefinition/ig-parameter">
      <extension url="code">
        <valueCode value="apply-jurisdiction"/>
      </extension>
      <extension url="value">
        <valueString value="true"/>
      </extension>
    </extension>
    <extension url="http://hl7.org/fhir/tools/StructureDefinition/ig-parameter">
      <extension url="code">
        <valueCode value="apply-license"/>
      </extension>
      <extension url="value">
        <valueString value="true"/>
      </extension>
    </extension>
    <extension url="http://hl7.org/fhir/tools/StructureDefinition/ig-parameter">
      <extension url="code">
        <valueCode value="apply-publisher"/>
      </extension>
      <extension url="value">
        <valueString value="true"/>
      </extension>
    </extension>
    <extension url="http://hl7.org/fhir/tools/StructureDefinition/ig-parameter">
      <extension url="code">
        <valueCode value="apply-version"/>
      </extension>
      <extension url="value">
        <valueString value="true"/>
      </extension>
    </extension>
    <extension url="http://hl7.org/fhir/tools/StructureDefinition/ig-parameter">
      <extension url="code">
        <valueCode value="apply-wg"/>
      </extension>
      <extension url="value">
        <valueString value="true"/>
      </extension>
    </extension>
    <extension url="http://hl7.org/fhir/tools/StructureDefinition/ig-parameter">
      <extension url="code">
        <valueCode value="active-tables"/>
      </extension>
      <extension url="value">
        <valueString value="true"/>
      </extension>
    </extension>
    <extension url="http://hl7.org/fhir/tools/StructureDefinition/ig-parameter">
      <extension url="code">
        <valueCode value="fmm-definition"/>
      </extension>
      <extension url="value">
        <valueString value="http://hl7.org/fhir/versions.html#maturity"/>
      </extension>
    </extension>
    <extension url="http://hl7.org/fhir/tools/StructureDefinition/ig-parameter">
      <extension url="code">
        <valueCode value="propagate-status"/>
      </extension>
      <extension url="value">
        <valueString value="true"/>
      </extension>
    </extension>
    <extension url="http://hl7.org/fhir/tools/StructureDefinition/ig-parameter">
      <extension url="code">
        <valueCode value="excludelogbinaryformat"/>
      </extension>
      <extension url="value">
        <valueString value="true"/>
      </extension>
    </extension>
    <extension url="http://hl7.org/fhir/tools/StructureDefinition/ig-parameter">
      <extension url="code">
        <valueCode value="tabbed-snapshots"/>
      </extension>
      <extension url="value">
        <valueString value="true"/>
      </extension>
    </extension>
    <page>
      <extension url="http://hl7.org/fhir/tools/StructureDefinition/ig-page-name">
        <valueUrl value="toc.html"/>
      </extension>
      <nameUrl value="toc.html"/>
      <title value="Table of Contents"/>
      <generation value="html"/>
      <page>
        <extension url="http://hl7.org/fhir/tools/StructureDefinition/ig-page-name">
          <valueUrl value="index.html"/>
        </extension>
        <nameUrl value="index.html"/>
        <title value="Home"/>
        <generation value="markdown"/>
        <page>
          <extension url="http://hl7.org/fhir/tools/StructureDefinition/ig-page-name">
            <valueUrl value="assumptions.html"/>
          </extension>
          <nameUrl value="assumptions.html"/>
          <title value="Assumptions"/>
          <generation value="markdown"/>
        </page>
      </page>
      <page>
        <extension url="http://hl7.org/fhir/tools/StructureDefinition/ig-page-name">
          <valueUrl value="authoring_overview.html"/>
        </extension>
        <nameUrl value="authoring_overview.html"/>
        <title value="Authoring"/>
        <generation value="markdown"/>
        <page>
          <extension url="http://hl7.org/fhir/tools/StructureDefinition/ig-page-name">
            <valueUrl value="structure.html"/>
          </extension>
          <nameUrl value="structure.html"/>
          <title value="Structure of the SOP IG"/>
          <generation value="markdown"/>
        </page>
        <page>
          <extension url="http://hl7.org/fhir/tools/StructureDefinition/ig-page-name">
            <valueUrl value="content_types.html"/>
          </extension>
          <nameUrl value="content_types.html"/>
          <title value="Types of Content"/>
          <generation value="markdown"/>
        </page>
        <page>
          <extension url="http://hl7.org/fhir/tools/StructureDefinition/ig-page-name">
            <valueUrl value="l2_overview.html"/>
          </extension>
          <nameUrl value="l2_overview.html"/>
          <title value="L2 overview"/>
          <generation value="markdown"/>
        </page>
        <page>
          <extension url="http://hl7.org/fhir/tools/StructureDefinition/ig-page-name">
            <valueUrl value="narrative.html"/>
          </extension>
          <nameUrl value="narrative.html"/>
          <title value="Authoring Narrative"/>
          <generation value="markdown"/>
        </page>
        <page>
          <extension url="http://hl7.org/fhir/tools/StructureDefinition/ig-page-name">
            <valueUrl value="gov_overview.html"/>
          </extension>
          <nameUrl value="gov_overview.html"/>
          <title value="Governance Overview"/>
          <generation value="markdown"/>
          <page>
            <extension url="http://hl7.org/fhir/tools/StructureDefinition/ig-page-name">
              <valueUrl value="gov_concepts.html"/>
            </extension>
            <nameUrl value="gov_concepts.html"/>
            <title value="Concept Governance"/>
            <generation value="markdown"/>
          </page>
        </page>
        <page>
          <extension url="http://hl7.org/fhir/tools/StructureDefinition/ig-page-name">
            <valueUrl value="authoring_artifacts.html"/>
          </extension>
          <nameUrl value="authoring_artifacts.html"/>
          <title value="Authoring Artifacts"/>
          <generation value="markdown"/>
          <page>
            <extension url="http://hl7.org/fhir/tools/StructureDefinition/ig-page-name">
              <valueUrl value="l3_personas.html"/>
            </extension>
            <nameUrl value="l3_personas.html"/>
            <title value="Personas"/>
            <generation value="markdown"/>
          </page>
          <page>
            <extension url="http://hl7.org/fhir/tools/StructureDefinition/ig-page-name">
              <valueUrl value="l3_scenarios.html"/>
            </extension>
            <nameUrl value="l3_scenarios.html"/>
            <title value="User Scenarios"/>
            <generation value="markdown"/>
          </page>
          <page>
            <extension url="http://hl7.org/fhir/tools/StructureDefinition/ig-page-name">
              <valueUrl value="l3_processes.html"/>
            </extension>
            <nameUrl value="l3_processes.html"/>
            <title value="Business Processes"/>
            <generation value="markdown"/>
          </page>
          <page>
            <extension url="http://hl7.org/fhir/tools/StructureDefinition/ig-page-name">
              <valueUrl value="l3_logicalmodels.html"/>
            </extension>
            <nameUrl value="l3_logicalmodels.html"/>
            <title value="Logical Models"/>
            <generation value="markdown"/>
          </page>
          <page>
            <extension url="http://hl7.org/fhir/tools/StructureDefinition/ig-page-name">
              <valueUrl value="l3_valuesets.html"/>
            </extension>
            <nameUrl value="l3_valuesets.html"/>
            <title value="Value Sets"/>
            <generation value="markdown"/>
          </page>
          <page>
            <extension url="http://hl7.org/fhir/tools/StructureDefinition/ig-page-name">
              <valueUrl value="l3_codesystems.html"/>
            </extension>
            <nameUrl value="l3_codesystems.html"/>
            <title value="Code Systems"/>
            <generation value="markdown"/>
          </page>
          <page>
            <extension url="http://hl7.org/fhir/tools/StructureDefinition/ig-page-name">
              <valueUrl value="l3_profiles.html"/>
            </extension>
            <nameUrl value="l3_profiles.html"/>
            <title value="Profiles"/>
            <generation value="markdown"/>
          </page>
          <page>
            <extension url="http://hl7.org/fhir/tools/StructureDefinition/ig-page-name">
              <valueUrl value="l3_decisiontables.html"/>
            </extension>
            <nameUrl value="l3_decisiontables.html"/>
            <title value="Decision Tables"/>
            <generation value="markdown"/>
          </page>
          <page>
            <extension url="http://hl7.org/fhir/tools/StructureDefinition/ig-page-name">
              <valueUrl value="l3_schedulinglogic.html"/>
            </extension>
            <nameUrl value="l3_schedulinglogic.html"/>
            <title value="Scheduling Logic"/>
            <generation value="markdown"/>
          </page>
          <page>
            <extension url="http://hl7.org/fhir/tools/StructureDefinition/ig-page-name">
              <valueUrl value="l3_structuremaps.html"/>
            </extension>
            <nameUrl value="l3_structuremaps.html"/>
            <title value="Structure Maps"/>
            <generation value="markdown"/>
          </page>
          <page>
            <extension url="http://hl7.org/fhir/tools/StructureDefinition/ig-page-name">
              <valueUrl value="l3_testing.html"/>
            </extension>
            <nameUrl value="l3_testing.html"/>
            <title value="Testing"/>
            <generation value="markdown"/>
          </page>
          <page>
            <extension url="http://hl7.org/fhir/tools/StructureDefinition/ig-page-name">
              <valueUrl value="l3_forms.html"/>
            </extension>
            <nameUrl value="l3_forms.html"/>
            <title value="Forms"/>
            <generation value="markdown"/>
          </page>
          <page>
            <extension url="http://hl7.org/fhir/tools/StructureDefinition/ig-page-name">
              <valueUrl value="l3_indicators.html"/>
            </extension>
            <nameUrl value="l3_indicators.html"/>
            <title value="Indicators"/>
            <generation value="markdown"/>
          </page>
          <page>
            <extension url="http://hl7.org/fhir/tools/StructureDefinition/ig-page-name">
              <valueUrl value="l3_conceptmaps.html"/>
            </extension>
            <nameUrl value="l3_conceptmaps.html"/>
            <title value="Concept Maps"/>
            <generation value="markdown"/>
          </page>
          <page>
            <extension url="http://hl7.org/fhir/tools/StructureDefinition/ig-page-name">
              <valueUrl value="l3_cql.html"/>
            </extension>
            <nameUrl value="l3_cql.html"/>
            <title value="CQL"/>
            <generation value="markdown"/>
          </page>
          <page>
            <extension url="http://hl7.org/fhir/tools/StructureDefinition/ig-page-name">
              <valueUrl value="l3_requirements.html"/>
            </extension>
            <nameUrl value="l3_requirements.html"/>
            <title value="Requirements"/>
            <generation value="markdown"/>
          </page>
          <page>
            <extension url="http://hl7.org/fhir/tools/StructureDefinition/ig-page-name">
              <valueUrl value="l3_examples.html"/>
            </extension>
            <nameUrl value="l3_examples.html"/>
            <title value="Examples"/>
            <generation value="markdown"/>
          </page>
          <page>
            <extension url="http://hl7.org/fhir/tools/StructureDefinition/ig-page-name">
              <valueUrl value="license.html"/>
            </extension>
            <nameUrl value="license.html"/>
            <title value="License"/>
            <generation value="markdown"/>
          </page>
        </page>
        <page>
          <extension url="http://hl7.org/fhir/tools/StructureDefinition/ig-page-name">
            <valueUrl value="ig_licensing.html"/>
          </extension>
          <nameUrl value="ig_licensing.html"/>
          <title value="Licensing"/>
          <generation value="markdown"/>
        </page>
        <page>
          <extension url="http://hl7.org/fhir/tools/StructureDefinition/ig-page-name">
            <valueUrl value="versioning.html"/>
          </extension>
          <nameUrl value="versioning.html"/>
          <title value="Versioning"/>
          <generation value="markdown"/>
        </page>
      </page>
      <page>
        <extension url="http://hl7.org/fhir/tools/StructureDefinition/ig-page-name">
          <valueUrl value="ig_setup.html"/>
        </extension>
        <nameUrl value="ig_setup.html"/>
        <title value="IG Setup"/>
        <generation value="markdown"/>
        <page>
          <extension url="http://hl7.org/fhir/tools/StructureDefinition/ig-page-name">
            <valueUrl value="github_setup.html"/>
          </extension>
          <nameUrl value="github_setup.html"/>
          <title value="Github Initialization"/>
          <generation value="markdown"/>
        </page>
        <page>
          <extension url="http://hl7.org/fhir/tools/StructureDefinition/ig-page-name">
            <valueUrl value="ig_configuration.html"/>
          </extension>
          <nameUrl value="ig_configuration.html"/>
          <title value="IG Configuration"/>
          <generation value="markdown"/>
        </page>
      </page>
      <page>
        <extension url="http://hl7.org/fhir/tools/StructureDefinition/ig-page-name">
          <valueUrl value="validating_ig.html"/>
        </extension>
        <nameUrl value="validating_ig.html"/>
        <title value="Validating IG"/>
        <generation value="markdown"/>
        <page>
          <extension url="http://hl7.org/fhir/tools/StructureDefinition/ig-page-name">
            <valueUrl value="qa_check.html"/>
          </extension>
          <nameUrl value="qa_check.html"/>
          <title value="QA check"/>
          <generation value="markdown"/>
        </page>
      </page>
      <page>
        <extension url="http://hl7.org/fhir/tools/StructureDefinition/ig-page-name">
          <valueUrl value="indices.html"/>
        </extension>
        <nameUrl value="indices.html"/>
        <title value="Indices"/>
        <generation value="markdown"/>
      </page>
      <page>
        <extension url="http://hl7.org/fhir/tools/StructureDefinition/ig-page-name">
          <valueUrl value="maps.html"/>
        </extension>
        <nameUrl value="maps.html"/>
        <title value="Mappings"/>
        <generation value="markdown"/>
      </page>
    </page>
    <parameter>
      <code value="path-resource"/>
      <value value="input/capabilities"/>
    </parameter>
    <parameter>
      <code value="path-resource"/>
      <value value="input/examples"/>
    </parameter>
    <parameter>
      <code value="path-resource"/>
      <value value="input/extensions"/>
    </parameter>
    <parameter>
      <code value="path-resource"/>
      <value value="input/models"/>
    </parameter>
    <parameter>
      <code value="path-resource"/>
      <value value="input/operations"/>
    </parameter>
    <parameter>
      <code value="path-resource"/>
      <value value="input/profiles"/>
    </parameter>
    <parameter>
      <code value="path-resource"/>
      <value value="input/resources"/>
    </parameter>
    <parameter>
      <code value="path-resource"/>
      <value value="input/vocabulary"/>
    </parameter>
    <parameter>
      <code value="path-resource"/>
      <value value="input/maps"/>
    </parameter>
    <parameter>
      <code value="path-resource"/>
      <value value="input/testing"/>
    </parameter>
    <parameter>
      <code value="path-resource"/>
      <value value="input/history"/>
    </parameter>
    <parameter>
      <code value="path-resource"/>
      <value value="fsh-generated/resources"/>
    </parameter>
    <parameter>
      <code value="path-pages"/>
      <value value="template/config"/>
    </parameter>
    <parameter>
      <code value="path-pages"/>
      <value value="input/images"/>
    </parameter>
    <parameter>
      <code value="path-tx-cache"/>
      <value value="input-cache/txcache"/>
    </parameter>
  </definition>
</ImplementationGuide>